{
    "resolution_pcts": [
      0,
      0,
      0,
      0.0008842946225739072,
      0,
      0,
      0,
      0.0020277790483160286,
      0,
      0,
      0,
      0.001555138819009285,
      0,
      0,
      0,
      0.002546158654652457,
      0,
      0,
      0,
      0.014667093567518942,
      0,
      0,
      0,
      0.04880391529067374,
      0,
      0,
      0,
      0.2677430666727652,
      0,
      0,
      0,
      0.014316425010291359,
      0,
      0,
      0,
      0.07908338288432512,
      0,
      0,
      0,
      0.05130433456829651,
      0,
      0,
      0,
      0.11500404031163763,
      0,
      0,
      0,
      0.022701977465733582,
      0,
      0,
      0,
      0.025309121956425623,
      0,
      0,
      0,
      0.015261705468904846,
      0,
      0,
      0,
      0.013447376846727348,
      0,
      0,
      0,
      0.017685892451478145,
      0,
      0,
      0,
      0.019317263565536903,
      0,
      0,
      0,
      0.017076034091082347,
      0,
      0,
      0,
      0.006266294653066826,
      0,
      0,
      0,
      0.06720639131561695,
      0,
      0,
      0,
      0.04096723535958774,
      0,
      0,
      0,
      0.023997926481574654,
      0,
      0,
      0,
      0.016054521337419383,
      0,
      0,
      0,
      0.0063577734071261945,
      0,
      0,
      0,
      0.005016085014255439,
      0,
      0,
      0,
      0.0026833767857415113,
      0,
      0,
      0,
      0.004025065178612267,
      0,
      0,
      0,
      0.002927320129899831,
      0,
      0,
      0,
      0.002286968851484243,
      0,
      0,
      0,
      0.09347604018966595
    ],
    "bandwidth_pcts": [
      0.017104636122268365,
      0.00980325413574784,
      0.007982163523725237,
      0.009530941520865954,
      0.009088433521682891,
      0.009650078289876778,
      0.01041595751923208,
      0.009292667982844305,
      0.010075566750629723,
      0.011130778133297025,
      0.010841445979985024,
      0.0102457621349309,
      0.011811559670501737,
      0.01383688474368575,
      0.01952141057934509,
      0.010756348287834434,
      0.010688270134113963,
      0.011011641364286201,
      0.009837293212608074,
      0.011096739056436789,
      0.010092586289059841,
      0.011760501055211382,
      0.011811559670501737,
      0.01094356321056573,
      0.012049833208523385,
      0.010841445979985024,
      0.011913676901082443,
      0.010790387364694669,
      0.011760501055211382,
      0.011573286132480088,
      0.012066852746953502,
      0.011522227517189733,
      0.010654231057253728,
      0.010960582748995848,
      0.010518074749812785,
      0.010228742596500784,
      0.011760501055211382,
      0.01041595751923208,
      0.0107223092109742,
      0.010228742596500784,
      0.01055211382667302,
      0.010705289672544081,
      0.010313840288651371,
      0.010875485056845258,
      0.01124991490230785,
      0.009973449520049017,
      0.010739328749404316,
      0.010586152903533257,
      0.01085846551841514,
      0.010211723058070665,
      0.010603172441963373,
      0.010484035672952549,
      0.010279801211791137,
      0.009888351827898427,
      0.010790387364694669,
      0.00980325413574784,
      0.010994621825856083,
      0.010211723058070665,
      0.010875485056845258,
      0.01033085982708149,
      0.010143644904350194,
      0.010092586289059841,
      0.00956498059772619,
      0.008884199060521479,
      0.009786234597317721,
      0.00886717952209136,
      0.009530941520865954,
      0.008509769215058888,
      0.009156511675403363,
      0.008220437061746886,
      0.00980325413574784,
      0.009088433521682891,
      0.008118319831166178,
      0.009275648444414187,
      0.009139492136973246,
      0.00956498059772619,
      0.009599019674586425,
      0.009190550752263599,
      0.009428824290285248,
      0.008135339369596296,
      0.008662945060929947,
      0.00849274967662877,
      0.00833957383075771,
      0.009122472598543128,
      0.007914085370004766,
      0.008986316291102185,
      0.007624753216692763,
      0.007709850908843352,
      0.008441691061338416,
      0.007794948600993941,
      0.007641772755122881,
      0.00788004629314453,
      0.007556675062972292,
      0.007403499217101232,
      0.00825447613860712,
      0.007828987677854176,
      0.0068758935257675815,
      0.0067227176798965215,
      0.007999183062155354,
      0.007982163523725237
    ]
  }
